requested_username,user_id_raw,name,username_returned,headline,followers_count,following_count,created_at,is_maker,twitter_username,website_url,profile_url
rohanrecommends,0,[REDACTED],[REDACTED],,13728,4138,,False,,,[REDACTED]
letitdrift,0,[REDACTED],[REDACTED],,31,25,,False,,,[REDACTED]
michael_shang,0,[REDACTED],[REDACTED],,62,19,,False,,,[REDACTED]
p5ina,0,[REDACTED],[REDACTED],,26,4,,False,,,[REDACTED]
fmerian,0,[REDACTED],[REDACTED],,58038,28,,False,,,[REDACTED]
zaczuo,0,[REDACTED],[REDACTED],,5468,133,,False,,,[REDACTED]
jamiewoody,0,[REDACTED],[REDACTED],,19,3,,False,,,[REDACTED]
milesg_,0,[REDACTED],[REDACTED],,16,0,,False,,,[REDACTED]
saidurh,0,[REDACTED],[REDACTED],,484,5,,False,,,[REDACTED]
hollysxiao,0,[REDACTED],[REDACTED],,5,1,,False,,,[REDACTED]
benln,0,[REDACTED],[REDACTED],,67638,195,,False,,,[REDACTED]
principerosso,0,[REDACTED],[REDACTED],,5,5,,False,,,[REDACTED]
forrestcai35,0,[REDACTED],[REDACTED],,8,0,,False,,,[REDACTED]
mswulinski,0,[REDACTED],[REDACTED],,224,5,,False,,,[REDACTED]
nora_mo,0,[REDACTED],[REDACTED],,3,0,,False,,,[REDACTED]
rayane_benhizia,0,[REDACTED],[REDACTED],,6,13,,False,,,[REDACTED]
delattre,0,[REDACTED],[REDACTED],,16,2,,False,,,[REDACTED]
carlos_mendes8,0,[REDACTED],[REDACTED],,13,1,,False,,,[REDACTED]
ednevsky,0,[REDACTED],[REDACTED],,742,859,,False,,,[REDACTED]
weewooweewooo,0,[REDACTED],[REDACTED],,10,0,,False,,,[REDACTED]
tiziano_mattia_bagnato,0,[REDACTED],[REDACTED],,7,0,,False,,,[REDACTED]
jnolan3,0,[REDACTED],[REDACTED],,3,0,,False,,,[REDACTED]
vedant_patel11,0,[REDACTED],[REDACTED],,6,5,,False,,,[REDACTED]
volugraph,0,[REDACTED],[REDACTED],,0,0,,False,,,[REDACTED]
prjoni99,0,[REDACTED],[REDACTED],,0,5,,False,,,[REDACTED]
nicheworks,0,[REDACTED],[REDACTED],,0,0,,False,,,[REDACTED]
roy_merlo,0,[REDACTED],[REDACTED],,7,5,,False,,,[REDACTED]
blanca_de_la_fe,0,[REDACTED],[REDACTED],,0,0,,False,,,[REDACTED]
yao_zhou1,0,[REDACTED],[REDACTED],,0,0,,False,,,[REDACTED]
osvro,0,[REDACTED],[REDACTED],,0,0,,False,,,[REDACTED]
dratarov,0,[REDACTED],[REDACTED],,0,0,,False,,,[REDACTED]
egor_limonov,0,[REDACTED],[REDACTED],,0,0,,False,,,[REDACTED]
soyayeb_shafin,0,[REDACTED],[REDACTED],,0,0,,False,,,[REDACTED]
knightpulse,0,[REDACTED],[REDACTED],,0,0,,False,,,[REDACTED]
alexandr_miller,0,[REDACTED],[REDACTED],,2,0,,False,,,[REDACTED]
hassanacif,0,[REDACTED],[REDACTED],,0,2,,False,,,[REDACTED]
kalaivani09,0,[REDACTED],[REDACTED],,0,0,,False,,,[REDACTED]
printmania_app,0,[REDACTED],[REDACTED],,0,1,,False,,,[REDACTED]
liam_maguire,0,[REDACTED],[REDACTED],,2,2,,False,,,[REDACTED]
siddg,0,[REDACTED],[REDACTED],,0,1,,False,,,[REDACTED]
